<manifest><control namespace="btd" constructor="importdatafromcustomexcel" version="0.0.1" display-name-key="importdatafromcustomexcel" description-key="importdatafromcustomexcel description" control-type="standard" api-version="1.2.3"><property name="Output" display-name-key="Output json" description-key="JSONOutput" of-type="Multiple" usage="output" required="true" /><property name="ResetControl" display-name-key="Reset File Input" description-key="ResetControl" of-type="TwoOptions" usage="bound" required="false" /><resources><code path="bundle.js" order="1" /></resources><built-by name="pac" version="1.5.5" /></control></manifest>